{"file_hashes":[{"block_hashes":["fqc9o71hMMY4Tj5v7yUlTd5lU6KXerbieT/Hm6E39nI="],"block_size":4096,"path":"_locales/vn/messages.json"},{"block_hashes":["aCAYL41rY56nj5o4zBPh4NwHhJb3hs7ajSLb6xtOXLo=","W1l9SrsMxzUCCQytC4Yy8moLncqHdVon+sMyxxXxZeA=","e4Je+YyT2jQ2UEDcUWtfWAQYsBIjD/WlCmsqGdPnOe0=","atH4fk++iFB+xC+DsmsH19g6uvQr0vcWBRiiw3GtJBY=","WBGX/3FV5L7eNuziLp3mpUy5Pn5z9np2xnV02YmGB4g=","CCujboK8XpYTRZMBWmhthC0FJ2WKbCzLpiqcRRB0IMQ=","7SI8f1YNp36j3WUXVV1HxzE2Scf+CpGDgunVHXrtHbk=","GI11+eBKrvRskqhsAMo5R8+45QwOUG4FCl5FA3O/Wxg=","uXU9xVsl323hYJ+RUsOcoLDb1+o9vmcrvJ9fltdi0yQ=","+LiywBWVGz5KB7udyUh0TjewRqTrYQUfFivJ/KWKFGg=","Jz90WNNn7jh+gna6PHL68Ah6sSw2GHyM7vrH3YRYVbg=","aogWppZi43ejX6oMwV+x0MUDruNp3xLoeYGoz+CgBFk=","h8UzmHRmD0n49/BJqbUIMUfFvQolu95lLx5JXWGEAhU=","Nz0x2ehEJT1fcBAXFB+EH4Nw6aa9TiCNUT0BkvWkuyg=","WDmv4Y3cK6tX+DXLJRofUpukGvtK5h3ipt/ss5d4wJw="],"block_size":4096,"path":"background.js"},{"block_hashes":["LDh+Oat4q48oPWI6FrlGKFzaltrx6obiC8S6rWjPxJ8="],"block_size":4096,"path":"captured.html"},{"block_hashes":["RBcaGA5Sc+bt8CG+jLK1YLLZa+V1yGZeK5HVHvrRpnc=","2uWu5Gf1hb1qOhvPQDJ6gCe18kBzmoyhMlQolSw/Ono=","gHbmfveQofJBolaHz0K6mkQff//CRRiDQKMhEhIxoNQ=","rjRmZbbFMijb5LH7n9mfG9S7QT1kxmwpK9AlMg6J6lk=","lVPjRetiGpqkXyJK67xA0c+8OHS6UBXkzoe/pupWCQA=","2zXlHtLlMw1CJaBOe5JuE36C6ZdsxntkHCQe4Oe+m40=","6zeUWHPRbXU8d24bxitES2Bvs8VUq5ecHnw7Ppx3Ymg="],"block_size":4096,"path":"content.js"},{"block_hashes":["hC8xLVxo89GSQinotVsddzgwh0jTF3+PcRWbhoMPAaY="],"block_size":4096,"path":"debug.js"},{"block_hashes":["43KpIM3a2kCXTgLn43Nh+Yh8rCDlnwLoFe+iaWnX7Iw="],"block_size":4096,"path":"document.js"},{"block_hashes":["oCLe0k4uK16MA4gQn0YXZHtyqaBlQPQ4sCQ5hao/xD4="],"block_size":4096,"path":"images/headBkgd.gif"},{"block_hashes":["L5TUI5FLWgvBWExSITyo630Sb0f+fyiA1z3CxdoAlAc=","+KRgcR54R2jXElJBVZ1Sgtm+u9s0rXLXzCGjj+GskpQ=","2HR20DovSWX9oOpI37+mOMQ1Gy97EYVTIeG6UBsNtAc=","OI4G2JVsHZAdl6YQSTUwDjjv2QKGf3a0y4C3yRa8Rdw="],"block_size":4096,"path":"images/headTitle.gif"},{"block_hashes":["/rH4uoUDiM3iJfydmpvG8nzoTrOZ07+LdCLgyzGuRno="],"block_size":4096,"path":"images/logo16x.png"},{"block_hashes":["FhgbZOAIQbaM9gWl451/1W4kSZgltAT+T7O0d+VuhOg="],"block_size":4096,"path":"images/logo32x.png"},{"block_hashes":["SnqpFIv/oiDgHqEG367EMqQtjVUAWtprb0e8BY3MalA="],"block_size":4096,"path":"images/logoTonec.gif"},{"block_hashes":["M7xjQLYOq5+2dm8xImFL5l8Iw6X0c8NraV7719JM+Dc=","Ynr3ydp7PAA0XWZH8M3KbYw+57a6oYyNnA0oi40tWOg=","3h4mL1c6i6hKUAxSngbHUT/XBrQ+liETCIsgdkBw6iQ="],"block_size":4096,"path":"welcome.html"},{"block_hashes":["7ZsPWvo41ezzrS5PKK27N6lyGb3evKvuiAjUtLuR+r8="],"block_size":4096,"path":"welcome.js"}],"version":2}